latlng	Column1	river	type	sub_type	province
"12.777667350467935, 108.35820292547848"	Nhà máy Điện mặt trời BMT Krông Pắk		Điện mặt trời		Đắk Lắk
"11.460120869768978, 106.22081459936378"	"Nhà máy Điện mặt trời Dầu Tiếng 1, 2"		Điện mặt trời		Tây Ninh
"13.054163760872862, 109.09070291070677"	Nhà máy Điện mặt trời Hòa Hội		Điện mặt trời		Phú Yên
"11.528080037519514, 108.87818962545744"	Nhà máy Điện mặt trời BP Solar 1		Điện mặt trời		Ninh Thuận
"10.590604511129959, 106.14640201066652"	Nhà máy Điện mặt trời BCG Băng Dương		Điện mặt trời		Long An
"11.443124200216019, 108.90101606352671"	Nhà máy Điện mặt trời BIM 1		Điện mặt trời		Ninh Thuận
"11.449600951818349, 108.89543679819671"	Nhà máy Điện mặt trời BIM 2		Điện mặt trời		Ninh Thuận
"11.400089014998896, 108.87759594079648"	Nhà máy Điện mặt trời BIM 3		Điện mặt trời		Ninh Thuận
"11.667768431481303, 109.05950087758904"	Nhà máy Điện gió Đầm Nại GĐ I		Điện gió		Ninh Thuận
"11.667768431481303, 109.05950087758904"	Nhà máy Điện gió Đầm Nại GĐ II		Điện gió		Ninh Thuận
"12.02178610260391, 109.09635587560409"	Nhà máy Điện mặt trời Cam Lâm VN		Điện mặt trời		Khánh Hòa
"11.988204693449227, 109.08159299823649"	Nhà máy Điện mặt trời KN Cam Lâm		Điện mặt trời		Khánh Hòa
"11.699256536116366, 108.83000652602482"	Nhà máy Điện mặt trời CMX Renewable Energy Việt Nam		Điện mặt trời		Ninh Thuận
"9.239688118263695, 105.82343999715381"	"Nhà máy Điện gió Bạc Liêu (GĐ I, II)"		Điện gió		Bạc Liêu
"11.298703011536682, 108.7337238260184"	Nhà máy Điện mặt trời Vĩnh Hảo 4		Điện mặt trời		Bình Thuận
"9.544223315141252, 106.44707934133423"	Nhà máy Điện gió Công Hải 1 phase 1		Điện gió		Ninh Thuận
"9.662235573630307, 106.5771246309713"	Nhà máy Điện gió Trà Vinh V1-3		Điện gió		Trà Vinh
"11.441613970073535, 108.88841046465586"	Nhà máy Điện mặt trời Phước Ninh		Điện mặt trời		Ninh Thuận
"11.452898810293679, 108.78962650305914"	Nhà máy Điện mặt trời Thiên Tân 1.2		Điện mặt trời		Ninh Thuận
"11.632500172603004, 108.84657807933228"	Nhà máy Điện mặt trời Thiên Tân 1.3		Điện mặt trời		Ninh Thuận
"9.191465064113029, 105.69541084771771"	Nhà máy Điện gió Hòa Bình 1		Điện gió		Bạc Liêu
"10.847859043065467, 107.99885162970564"	Nhà máy Điện gió Hàm Cường 2		Điện gió		Bình Thuận
"12.874284747464337, 107.83258548684485"	Nhà máy Điện mặt trời Jang Pông		Điện mặt trời		Đắk Lắk
"13.92626661562925, 107.91132877762897"	Nhà máy Điện gió Ia Pech		Điện gió		Gia Lai
"13.92626661562925, 107.91132877762897"	Nhà máy Điện gió Ia Pech 2		Điện gió		Gia Lai
"9.009252062860655, 105.4142742002803"	Nhà máy Điện gió Tân Thuận phase 2		Điện gió		Cà Mau
"11.606596177749068, 109.09721995983519"	Nhà máy Điện mặt trời Nhơn Hải		Điện mặt trời		Ninh Thuận
"13.172930771208142, 108.72508717150906"	Nhà máy Điện mặt trời Chư Ngọc-EVNLICOGI 16		Điện mặt trời		Gia Lai
"10.98245276847316, 108.29502416834286"	Nhà máy Điện gió Đại Phong		Điện gió		Bình Thuận
"8.694122996954961, 105.13691808067674"	Nhà máy Điện gió Tân Ân 1		Điện gió		Cà Mau
"13.307726124258243, 107.66563236412316"	Nhà máy Điện mặt trời Long Thành 1		Điện mặt trời		Đắk Lắk
"13.841127646121395, 108.47522327947443"	Nhà máy Điện gió Hưng Hải Gia Lai		Điện gió		Gia Lai
"10.90630854093069, 108.00973963283599"	Nhà máy Điện mặt trời Hàm Kiệm 1		Điện mặt trời		Bình Thuận
"11.417990667498525, 108.96540029107906"	Nhà máy Điện mặt trời Hồ Núi Một		Điện mặt trời		Ninh Thuận
"9.544530144469155, 106.44866720895807"	Nhà máy Điện gió Đông Hải 1 - Giai đoạn 2		Điện gió		Bạc Liêu
"11.417438385428024, 108.89065756963214"	Nhà máy Điện gió BIM		Điện gió		Ninh Thuận
"17.341013260191016, 106.71619885625542"	Nhà máy Điện gió BT 1		Điện gió		Quảng Bình
"17.28600196871946, 106.79374994701871"	Nhà máy Điện gió BT 2		Điện gió		Quảng Bình
"14.013398982932863, 108.71761368999556"	Nhà máy Điện gió Cửu An		Điện gió		Gia Lai
"11.734209985584824, 109.06392604875492"	Nhà máy Điện gió Hanbaram		Điện gió		Ninh Thuận
"11.009110991462524, 108.32406558681409"	Nhà máy Điện gió Hồng Phong 1		Điện gió		Bình Thuận
"16.708551432490896, 106.77703533905233"	Nhà máy Điện gió Hướng Hiệp 1		Điện gió		Quảng Trị
"16.7403413376284, 106.747374983547"	Nhà máy Điện gió Hướng Linh 7		Điện gió		Quảng Trị
"16.71347483928758, 106.7475575195962"	Nhà máy Điện gió Hướng Linh 8		Điện gió		Quảng Trị
"16.664789717829574, 106.70990577342774"	Nhà máy Điện gió Hướng Tân		Điện gió		Quảng Trị
"13.717115497713582, 107.97959529296624"	Nhà máy Điện gió Ia Bang 1		Điện gió		Gia Lai
"16.590232468230713, 106.7395144699008"	Nhà máy Điện gió AMACCAO Quảng Trị 1		Điện gió		Quảng Trị
"9.202364642941186, 105.62047432429485"	Nhà máy Điện gió KOSY Bạc Liêu		Điện gió		Bạc Liêu
"10.13629621578878, 106.78052408127571"	Nhà máy Điện gió Bình Đại 1		Điện gió		Bến Tre
"12.338312684470559, 107.64121221751788"	Nhà máy Điện gió Nam Bình 1		Điện gió		Đắk Nông
"13.524672254847793, 108.07610724299695"	Nhà máy Điện gió Nhơn Hòa 1		Điện gió		Gia Lai
"13.524672254847793, 108.07610724299695"	Nhà máy Điện gió Nhơn Hòa 2		Điện gió		Gia Lai
"16.68314525149829, 106.59535553166359"	Nhà máy Điện gió Phong Nguyên		Điện gió		Quảng Trị
"16.664789717829574, 106.70990577342774"	Nhà máy Điện gió Tân Linh		Điện gió		Quảng Trị
"9.612450954551665, 106.55492826221753"	Nhà máy Điện gió Hàn Quốc Trà Vinh		Điện gió		Trà Vinh
"11.713142297007883, 109.0295061315663"	Nhà máy Điện gió Trung Nam Ninh Thuận GĐ 1		Điện gió		Ninh Thuận
"11.713142297007883, 109.0295061315663"	Nhà máy Điện gió Trung Nam Ninh Thuận GĐ 2		Điện gió		Ninh Thuận
"11.713142297007883, 109.0295061315663"	Nhà máy Điện gió Trung Nam Ninh Thuận GĐ 3		Điện gió		Ninh Thuận
"13.144195064704322, 108.24433532363787"	Nhà máy Điện gió Ea Nam (HBRE Tây Nguyên phase 2)		Điện gió		Đắk Lắk
"9.544212734814673, 106.44737974872251"	Nhà máy Điện gió Đông Hải 1 Trà Vinh		Điện gió		Trà Vinh
"9.622931670104856, 106.56068084077071"	Nhà máy Điện gió Trà Vinh V1-2		Điện gió		Trà Vinh
"11.41610868713157, 108.85595175613804"	Nhà máy Điện mặt trời Thuận Nam Đức Long		Điện mặt trời		Ninh Thuận
"11.668666344723482, 108.787180334695"	Nhà máy Điện mặt trời Mỹ Sơn		Điện mặt trời		Ninh Thuận
"11.664196368632165, 108.79919602991635"	Nhà máy Điện mặt trời Mỹ Sơn 2		Điện mặt trời		Ninh Thuận
"11.665407326031275, 108.81172774449489"	Nhà máy Điện mặt trời Mỹ Sơn - Hoàn Lộc Việt		Điện mặt trời		Ninh Thuận
"11.886059268001388, 109.08998147943977"	Nhà máy Điện mặt trời Sông Giang		Điện mặt trời		Khánh Hòa
"11.458785518709771, 108.79890958497391"	Nhà máy Điện mặt trời Thuận Nam 12		Điện mặt trời		Ninh Thuận
"10.906150515132714, 108.00926756408295"	Nhà máy Điện mặt trời Hàm Kiệm		Điện mặt trời		Bình Thuận
"11.879071369819684, 109.08824688498073"	Nhà máy Điện mặt trời Tuấn Ân		Điện mặt trời		Khánh Hòa
"11.281031179933281, 108.7352430117271"	Nhà máy Điện mặt trời Vĩnh Hảo		Điện mặt trời		Bình Thuận
"16.61543309067337, 107.40989451509684"	Nhà máy Điện mặt trời Phong Điền 2		Điện mặt trời		Thừa Thiên Huế
"10.580198332538885, 107.27748886592526"	Nhà máy Điện mặt trời Đá Bạc		Điện mặt trời		Bà Rịa - Vũng Tàu
"14.162492607686463, 110.15412980163873"	Nhà máy Điện sinh khối SK An Khê		Điện sinh khối		Gia Lai
"10.924448608623566, 106.27376550584813"	Nhà máy Điện mặt trời EuroPlast Long An		Điện mặt trời		Long An
"10.764534160678258, 106.31498320086905"	Nhà máy Điện mặt trời Solar Park 03		Điện mặt trời		Long An
"11.263162272381464, 108.3220742572982"	Nhà máy Điện mặt trời Sông Lũy 1		Điện mặt trời		Bình Thuận
"22.032505905115265, 105.1344175158992"	Nhà máy Điện sinh khối Mía đường Tuyên Quang		Điện sinh khối		Tuyên Quang
"11.983038913968642, 109.13584607148836"	Nhà máy Điện mặt trời AMI Khánh Hòa		Điện mặt trời		Khánh Hòa
"9.13907250877323, 105.56956984052238"	Nhà máy Điện gió Đông Hải 1		Điện gió		Bạc Liêu
"10.28663069209369, 106.76153081748572"	Nhà máy Điện gió Tân Phú Đông		Điện gió		Tiền Giang
"9.930495671118186, 106.65354544077474"	Nhà máy Điện gió Thanh Phong		Điện gió		Bến Tre
"13.85420620387557, 109.28062225063948"	Nhà máy Điện gió Nhơn Hội		Điện gió		Bình Định
"16.71531169206941, 106.73763819857022"	Nhà máy Điện gió Gelex 1		Điện gió		Quảng Trị
"16.71531169206941, 106.73763819857022"	Nhà máy Điện gió Gelex 2		Điện gió		Quảng Trị
"16.71531169206941, 106.73763819857022"	Nhà máy Điện gió Gelex 3		Điện gió		Quảng Trị
"16.916768612996673, 107.14802333950898"	"Nhà máy Điện mặt trời Gio Thành 1, 2"		Điện mặt trời		Quảng Trị
"9.188309558506122, 105.62449281377678"	Nhà máy Điện gió Hòa Bình 5		Điện gió		Bạc Liêu
"10.610397125076096, 106.17584321749051"	Nhà máy Điện mặt trời GAIA		Điện mặt trời		Long An
"11.071101089246836, 108.28404683468568"	Nhà máy Điện mặt trời Hồng Phong 1A		Điện mặt trời		Bình Thuận
"11.071101089246836, 108.28404683468568"	Nhà máy Điện mặt trời Hồng Phong 1B		Điện mặt trời		Bình Thuận
"11.902423266376935, 106.4873255640986"	Nhà máy Điện mặt trời Lộc Ninh 4		Điện mặt trời		Bình Phước
"11.903683043701934, 106.4884520918047"	Nhà máy Điện mặt trời Lộc Ninh 5		Điện mặt trời		Bình Phước
"11.071238930783496, 108.36494938127376"	Nhà máy Điện gió Thái Hòa		Điện gió		Bình Thuận
"11.331137646543091, 108.355142696619"	Nhà máy Điện mặt trời Phan Lâm 2		Điện mặt trời		Bình Thuận
"11.50953924585617, 108.85149230031601"	Nhà máy Điện mặt trời Phước Hữu - Điện lực 1		Điện mặt trời		Ninh Thuận
"9.342374915620615, 106.09649921931992"	Nhà máy Điện gió số 7 Sóc Trăng		Điện gió		Sóc Trăng
"9.983595684044523, 106.6462575174815"	Nhà máy Điện gió V1-3 Bến Tre		Điện gió		Bến Tre
"11.887155264812291, 108.56525148313384"	Nhà máy Điện gió Cầu Đất		Điện gió		Lâm Đồng
"9.740737128663685, 106.56203050028984"	Nhà máy Điện gió Hiệp Thạnh		Điện gió		Trà Vinh
"9.740737128663685, 106.56203050028984"	Nhà máy Điện gió Hiệp Thạnh Trà Vinh		Điện gió		Trà Vinh
"14.290834632415734, 109.12858285618913"	Nhà máy Điện mặt trời Đầm Trà Ố		Điện mặt trời		Bình Định
"14.117730634220445, 109.01196358502095"	Nhà máy Điện mặt trời Mỹ Hiệp		Điện mặt trời		Bình Định
"9.32720678502602, 106.06390778402881"	Nhà máy Điện gió Lạc Hòa 1 phase 1		Điện gió		Sóc Trăng
"11.47590761895576, 106.26355677617478"	Nhà máy Điện mặt trời Tân Châu 1		Điện mặt trời		Tây Ninh
"11.079960127098621, 108.27637576206929"	Nhà máy Điện mặt trời Hồng Phong 5.2		Điện mặt trời		Bình Thuận
"11.307187235982584, 108.75496897517169"	Nhà máy Điện mặt trời Vĩnh Hảo 6		Điện mặt trời		Bình Thuận
"10.09312819241699, 106.7750331984478"	Nhà máy Điện gió VPL		Điện gió		Bến Tre
"11.331563020732604, 108.36474877573659"	Nhà máy Điện mặt trời Phan Lâm 1		Điện mặt trời		Bình Thuận
"10.54706468863866, 104.97974624646433"	Nhà máy Điện mặt trời Văn Giáo 2		Điện mặt trời		An Giang
"10.54706468863866, 104.97974624646433"	Nhà máy Điện mặt trời Văn Giáo 1		Điện mặt trời		An Giang
"12.591264266473363, 107.92774196673649"	Nhà máy Điện mặt trời Trúc Sơn		Điện mặt trời		Đăk Nông
"12.009715610345234, 109.10688601012413"	Nhà máy Điện mặt trời Trung Sơn		Điện mặt trời		Khánh Hòa
"14.301683742178863, 109.16497258687174"	Nhà máy Điện mặt trời Phù Mỹ 1		Điện mặt trời		Bình Định
"14.30642487071825, 109.16319666750574"	Nhà máy Điện mặt trời Phù Mỹ 2		Điện mặt trời		Bình Định
"14.309400915625696, 109.13826827003558"	Nhà máy Điện mặt trời Phù Mỹ 3		Điện mặt trời		Bình Định
"13.769274971243656, 108.45377969481412"	Nhà máy Điện gió Chơ Long		Điện gió		Gia Lai
"16.649104270003686, 106.61523968138029"	Nhà máy Điện gió Hải Anh		Điện gió		Quảng Trị
"13.808507592979337, 107.97847028501492"	Nhà máy Điện gió HBRE Chư Prông		Điện gió		Gia Lai
"13.897240867450684, 108.08957429481673"	Nhà máy Điện gió Ia Pết Đắk Đoa 2		Điện gió		Gia Lai
"13.904952175296653, 108.08126813288754"	Nhà máy Điện gió Ia Pết Đắk Đoa 1		Điện gió		Gia Lai
"13.825906522293922, 109.26886589512335"	Nhà máy Điện gió Phương Mai 3		Điện gió		Bình Định
"13.914560567746047, 109.25187135846717"	Nhà máy Điện gió Phương Mai 1		Điện gió		Bình Định
"11.740355601632388, 109.06341923710794"	Nhà máy Điện gió Lợi Hải 2		Điện gió		Ninh Thuận
"13.769389596838232, 108.45442342493189"	Nhà máy Điện gió Yang Trung		Điện gió		Gia Lai
"14.911540136401976, 107.71176470407215"	Nhà máy Điện gió Tân Tấn Nhật - Đăk Glei		Điện gió		Kon Tum
"18.175916548992667, 106.02609514690845"	Nhà máy Điện mặt trời Cẩm Hòa		Điện mặt trời		Hà Tĩnh
"11.518914016144612, 106.21289807332784"	Nhà máy Điện mặt trời Bách Khoa Á Châu 1		Điện mặt trời		Tây Ninh
"11.468673695815413, 106.13452627332713"	Nhà máy Điện sinh khối Bourbon Tay Ninh		Điện sinh khối		Tây Ninh
"12.595772294674235, 107.87327690459279"	Nhà máy Điện mặt trời Cư Jút		Điện mặt trời		Đăk Nông
"11.86410916326571, 107.01728513782766"	Nhà máy Điện mặt trời Thác Mơ		Điện mặt trời		Bình Phước
"11.526708787658329, 106.21501835429271"	Nhà máy Điện mặt trời Trí Việt 1		Điện mặt trời		
"11.725523459896925, 109.03455061625709"	Nhà máy Điện mặt trời Trung Nam Ninh Thuận		Điện mặt trời		Ninh Thuận
"11.112974459330491, 108.05233538127437"	Nhà máy Điện mặt trời Thuận Minh 2		Điện mặt trời		Bình Thuận
"11.686188837703883, 109.00526352843568"	Nhà máy Điện mặt trời Xuân Thiện Thuận Bắc 1		Điện mặt trời		Ninh Thuận
"11.672530122616863, 109.02384587149854"	Nhà máy Điện mặt trời Xuân Thiện Thuận Bắc 2		Điện mặt trời		Ninh Thuận
"9.306134475742915, 105.9511977032605"	Nhà máy Điện gió Sóc Trăng 3 phase 1		Điện gió		Sóc Trăng
"9.14654293935794, 105.5892166714468"	Nhà máy Điện gió Hòa Bình 2		Điện gió		Bạc Liêu
"10.694660329276935, 107.27889041010337"	Nhà máy Điện mặt trời Hồ Gia Hoét 1		Điện mặt trời		Bà Rịa - Vũng Tàu
"12.59056093775583, 109.16426602732224"	Nhà máy Điện mặt trời KN Vạn Ninh		Điện mặt trời		Khánh Hòa
"11.484602925831277, 108.9056520037078"	Nhà máy Điện gió Chính Thắng		Điện gió		Ninh Thuận
"9.41838169706059, 106.11613062320764"	Nhà máy Điện gió Hòa Đông 2		Điện gió		Sóc Trăng
"16.724078484505597, 106.62451420411156"	Nhà máy Điện gió Hướng Phùng 2		Điện gió		Quảng Trị
"9.404401560251232, 106.09258016406187"	Nhà máy Điện gió Lạc Hòa 2		Điện gió		Sóc Trăng
"11.501116819860048, 108.87103110286628"	Nhà máy Điện gió Phước Hữu - Duyên Hải 1		Điện gió		Ninh Thuận
"12.320791008107445, 107.65996591253912"	Nhà máy Điện gió Đăk Hòa		Điện gió		Đắk Nông
"9.388314387307837, 106.16960969761556"	Nhà máy Điện gió Quốc Vinh Sóc Trăng		Điện gió		Sóc Trăng
"11.049318288644459, 108.40307738866179"	Nhà máy Điện gió Thuận Nhiên Phong		Điện gió		Bình Thuận
"11.437849467234951, 108.88671649364446"	Nhà máy Điện mặt trời Adani Phước Minh		Điện mặt trời		Ninh Thuận
"11.433558752459748, 108.85844963099703"	Nhà máy Điện mặt trời Trung Nam Thuận Nam		Điện mặt trời		Ninh Thuận
"13.863528336812111, 109.2713294117567"	Nhà máy Điện mặt trời FUJIWARA Bình Định		Điện mặt trời		Bình Định
"18.212127433229778, 105.99675724278246"	Nhà máy Điện mặt trời Cẩm Hưng		Điện mặt trời		Hà Tĩnh
"11.4272288827066, 108.80614523895001"	Nhà máy Điện mặt trời Nhị Hà - Thuận Nam 13		Điện mặt trời		Ninh Thuận
"11.434736958788882, 108.90210216537356"	Nhà máy Điện gió 7A		Điện gió		Ninh Thuận
"16.60126571662576, 106.77170037896758"	Nhà máy Điện gió Hoàng Hải		Điện gió		Quảng Trị
"16.582014237229505, 106.75201834089664"	Nhà máy Điện gió Tài Tâm		Điện gió		Quảng Trị
"12.270661597637377, 107.53504660217557"	Nhà máy Điện gió Đăk N'Drung 1		Điện gió		Đắk Nông
"8.589899118802197, 104.92482147143998"	Nhà máy Điện gió Viên An		Điện gió		Cà Mau
"11.315055313732952, 108.42836535244221"	Nhà máy Điện mặt trời Bình An		Điện mặt trời		Bình Thuận
"11.254628459385811, 108.6963296181485"	Nhà máy Điện gió NMĐ gió Phong Điện 1 – Giai đoạn 2		Điện gió		Bình Thuận
"11.231260592766892, 108.67939934818216"	Nhà máy Điện mặt trời Eco Seido Tuy Phong		Điện mặt trời		Bình Thuận
"17.235041252399284, 106.86744975199407"	Nhà máy Điện mặt trời Dohwa Lệ Thủy		Điện mặt trời		Quảng Bình
"9.994173307010753, 105.54467664077572"	Nhà máy Điện sinh khối NMXL rác Cần Thơ		Điện sinh khối		Cần Thơ
"11.284905181364087, 108.72817499477124"	Nhà máy Điện mặt trời Tuy Phong		Điện mặt trời		Bình Thuận
"10.579995982438719, 107.18114564078414"	Nhà máy Điện mặt trời KCN Châu Đức		Điện mặt trời		Bà Rịa - Vũng Tàu
"11.165906646476543, 108.2695358254517"	Nhà máy Điện mặt trời Hồng Liêm 3		Điện mặt trời		Bình Thuận
"9.342374915620615, 106.09620954076694"	Nhà máy Điện gió Sóc Trăng 7 GĐ 2		Điện gió		Sóc Trăng
"20.002729080490024, 105.62260471299388"	Nhà máy Điện mặt trời Yên Định		Điện mặt trời		Thanh Hóa
"9.249741152135055, 105.80405043281283"	Nhà máy Điện gió Bạc Liêu 3		Điện gió		Bạc Liêu
"16.700351191782975, 106.75080864274621"	Nhà máy Điện gió Hướng Linh 3		Điện gió		Quảng Trị
"16.71226001854678, 106.71511353025257"	Nhà máy Điện gió Hướng Linh 4		Điện gió		Quảng Trị
"16.632787822384472, 106.69257864643888"	Nhà máy Điện gió Liên Lập		Điện gió		Quảng Trị
"8.831321915875101, 105.2997877505605"	Nhà máy Điện gió Cà Mau 1		Điện gió		Cà Mau
"12.807186369128393, 107.83237194707932"	Nhà máy Điện mặt trời Srêpôk 1		Điện mặt trời		Đắk Lắk
"12.807186369128393, 107.83237194707932"	Nhà máy Điện mặt trời Quang Minh		Điện mặt trời		Đắk Lắk
"11.254191132536532, 107.85229838012089"	Nhà máy Điện mặt trời Đa Mi		Điện mặt trời		Bình Thuận
"10.996758757735787, 108.30436121195501"	Nhà máy Điện mặt trời Mũi Né		Điện mặt trời		Bình Thuận
"11.432858871686166, 109.0004508561383"	Nhà máy Điện gió Mũi Dinh		Điện gió		Ninh Thuận
"11.565057145126664, 108.86925836098813"	Nhà máy Điện mặt trời Phước Thái 1		Điện mặt trời		Ninh Thuận
"13.972353460053176, 107.48899531939456"	Nhà máy Điện mặt trời Sê San 4		Điện mặt trời		Kon Tum
"11.224935366584308, 108.69717871195844"	Nhà máy Điện gió Phú Lạc		Điện gió		Bình Thuận
"12.010551552075283, 109.09117016353592"	Nhà máy Điện mặt trời Điện lực miền Trung		Điện mặt trời		Khánh Hòa
"11.332062056590534, 108.79334132840631"	Nhà máy Điện mặt trời Vĩnh Tân 2		Điện mặt trời		Bình Thuận
"16.69378767728504, 107.4319158004167"	Nhà máy Điện mặt trời TTC Phong điền		Điện mặt trời		Thừa Thiên Huế
"13.225282289572432, 108.65829152242542"	Nhà máy Điện mặt trời Krong Pa		Điện mặt trời		Gia Lai
"10.913765528605042, 106.2632172003067"	Nhà máy Điện mặt trời Đức Huệ 1		Điện mặt trời		Long An
"11.044263282263477, 108.3304455690618"	Nhà máy Điện mặt trời Hồng Phong 4		Điện mặt trời		Bình Thuận
"11.404553577840648, 108.85525781750256"	Nhà máy Điện mặt trời Hacom Solar		Điện mặt trời		Ninh Thuận
"18.345667022120725, 105.90490686366824"	Nhà máy Điện gió HBRE Hà Tĩnh		Điện gió		Hà Tĩnh
"16.919019073202826, 107.15228275624548"	Nhà máy Điện mặt trời LIG Quảng Trị		Điện mặt trời		Quảng Trị
"21.329337031871965, 105.83590943206653"	Nhà máy Điện sinh khối Nedo Sóc Sơn		Điện sinh khối		Hà Nội
"11.52842947111127, 108.87401186111643"	"Nhà máy Điện mặt trời Ninh Phước 6.1, 6.2"		Điện mặt trời		Ninh Thuận
"13.377191993309829, 109.18203449812665"	"Nhà máy Điện mặt trời Xuân Thọ 1,2"		Điện mặt trời		Phú Yên
"10.550902385890486, 108.93291969476012"	Nhà máy Điện gió Phú Quý		Điện gió		Bình Thuận
"11.205242246546248, 108.33306058464156"	Nhà máy Điện mặt trời Sông Lũy 1		Điện mặt trời		Bình Thuận
"10.469789044149511, 105.018662275159"	Nhà máy Điện mặt trời Sao Mai		Điện mặt trời		An Giang
"11.54701428748397, 108.86925401935189"	Nhà máy Điện mặt trời Sinenergy Ninh Thuận 1		Điện mặt trời		Ninh Thuận
"11.225915666011668, 108.64327001934686"	Nhà máy Điện mặt trời Phong Phú		Điện mặt trời		Bình Thuận
"13.808643036822078, 107.9782449794737"	Nhà máy Điện gió HBRE Gia Lai		Điện gió		Gia Lai
16.3119444444444, 107.148611111111	Nhà máy thuỷ điện A Lin B1	A Lin	Thuỷ điện	Thuỷ điện vừa và nhỏ	Thừa Thiên Huế
16.4041666666666, 107.202777777777	Nhà máy thuỷ điện A Lin B2	Rào Trăng	Thuỷ điện	Thuỷ điện vừa và nhỏ	Thừa Thiên Huế
16.2299999999999, 107.270277777777	Nhà máy thuỷ điện A Lưới	A Sáp	Thuỷ điện	Thuỷ điện lớn	Thừa Thiên Huế
16.1247222222222, 107.395277777777	Nhà máy thuỷ điện A Roàng	Sông Bồ	Thuỷ điện	Thuỷ điện vừa và nhỏ	Thừa Thiên Huế
15.7997222222222, 107.617222222222	Nhà máy thuỷ điện A Vương	A Vương	Thuỷ điện	Thuỷ điện lớn	Quảng Nam
15.9183333333333, 107.570555555555	Nhà máy thuỷ điện A Vương 3	A Vương	Thuỷ điện	Thuỷ điện vừa và nhỏ	Quảng Nam
15.9025, 107.880833333333	Nhà máy thuỷ điện An Điềm	Sông Vàng	Thuỷ điện	Thuỷ điện vừa và nhỏ	Quảng Nam
15.9327777777777, 107.903333333333	Nhà máy thuỷ điện An Điềm 2	Sông Vàng	Thuỷ điện	Thuỷ điện vừa và nhỏ	Quảng Nam
14.0147222222222, 108.679444444444	Nhà máy thuỷ điện An Khê - Kanak	Sông Ba	Thuỷ điện	Thuỷ điện lớn	Gia Lai, Bình Định
11.9980555555555, 108.359444444444	Nhà máy thuỷ điện Ankroet	Suối Vàng	Thuỷ điện	Thuỷ điện vừa và nhỏ	Lâm Đồng
13.9286111111111, 108.231388888888	Nhà máy thuỷ điện Ayun Thượng 1A	A Yun	Thuỷ điện	Thuỷ điện vừa và nhỏ	Gia Lai
13.7763888888888, 108.166944444444	Nhà máy thuỷ điện Ayun Trung	A Yun	Thuỷ điện	Thuỷ điện vừa và nhỏ	Gia Lai
20.3194444444444, 105.173055555555	Nhà máy thuỷ điện Bá Thước 1	Sông Mã	Thuỷ điện	Thuỷ điện vừa và nhỏ	Thanh Hóa
20.3224999999999, 105.327777777777	Nhà máy thuỷ điện Bá Thước 2	Sông Mã	Thuỷ điện	Thuỷ điện vừa và nhỏ	Thanh Hóa
11.3711111111111, 108.328055555555	Nhà máy thuỷ điện Bắc Bình	Ma Đế	Thuỷ điện	Thuỷ điện vừa và nhỏ	Bình Thuận
22.5086111111111, 104.197222222222	Nhà máy thuỷ điện Bắc Hà (Cốc LY)	Sông Chảy	Thuỷ điện	Thuỷ điện vừa và nhỏ	Lào Cai
22.7575, 105.429444444444	Nhà máy thuỷ điện Bắc Mê	Sông Gâm	Thuỷ điện	Thuỷ điện vừa và nhỏ	Hà Giang
22.5047222222222, 104.336111111111	Nhà máy thuỷ điện Bắc Nà	Bắc Nà	Thuỷ điện	Thuỷ điện vừa và nhỏ	Lào Cai
22.5977777777777, 106.163888888888	Nhà máy thuỷ điện Bạch Đằng	Sông Hiến	Thuỷ điện	Thuỷ điện vừa và nhỏ	Cao Bằng
19.2680555555555, 104.408888888888	Nhà máy thuỷ điện Bản Ang	Nậm Mộ	Thuỷ điện	Thuỷ điện vừa và nhỏ	Nghệ An
21.8611111111111, 103.828611111111	Nhà máy thuỷ điện Bản Chát	Nậm Mu	Thuỷ điện	Thuỷ điện lớn	Lai Châu
19.6052777777777, 104.858888888888	Nhà máy thuỷ điện Bản Cốc	Nậm Giải	Thuỷ điện	Thuỷ điện vừa và nhỏ	Nghệ An
22.2625, 103.974444444444	Nhà máy thuỷ điện Bản Hồ	Ngòi Bo	Thuỷ điện	Thuỷ điện vừa và nhỏ	Lào Cai
19.4527777777777, 105.299166666666	Nhà máy thuỷ điện Bản Mồng	Sông Hiếu	Thuỷ điện	Thuỷ điện vừa và nhỏ	Nghệ An
22.8588888888888, 106.699722222222	Nhà máy thuỷ điện Bản Rạ	Quây Sơn	Thuỷ điện	Thuỷ điện vừa và nhỏ	Cao Bằng
19.3405555555555, 104.487222222222	Nhà máy thuỷ điện Bản Vẽ	Sông Lam	Thuỷ điện	Thuỷ điện lớn	Nghệ An
22.9611111111111, 105.775277777777	Nhà máy thuỷ điện Bảo Lạc A	Sông Gâm	Thuỷ điện	Thuỷ điện vừa và nhỏ	Cao Bằng
22.9469444444444, 105.595277777777	Nhà máy thuỷ điện Bảo Lạc B	Sông Gâm	Thuỷ điện	Thuỷ điện vừa và nhỏ	Cao Bằng
22.9422222222222, 105.548888888888	Nhà máy thuỷ điện Bảo Lâm 1	Sông Gâm	Thuỷ điện	Thuỷ điện vừa và nhỏ	Cao Bằng
23.0130555555555, 105.486666666666	Nhà máy thuỷ điện Bảo Lâm 3	Nho Quế	Thuỷ điện	Thuỷ điện vừa và nhỏ	Cao Bằng, Hà Giang
,	Nhà máy thuỷ điện Bảo Lâm 3A		Thuỷ điện		
11.4247222222222, 107.875	Nhà máy thuỷ điện Bảo Lộc	La Ngà	Thuỷ điện	Thuỷ điện vừa và nhỏ	Lâm Đồng
16.3172222222222, 107.502777777777	Nhà máy thuỷ điện Bình Điền	Hữu Trạch	Thuỷ điện	Thuỷ điện vừa và nhỏ	Thừa Thiên Huế
22.7347222222222, 106.122222222222	Nhà máy thuỷ điện Bình Long	Dẻ Rào	Thuỷ điện	Thuỷ điện vừa và nhỏ	Cao Bằng
12.5305555555555, 107.924444444444	Nhà máy thuỷ điện Buôn Kuốp	Srêpốk	Thuỷ điện	Thuỷ điện lớn	Đắk Nông, Đắk Lắk
12.2852777777777, 108.038333333333	Nhà máy thuỷ điện Buôn Tua Srah	Krông Nô	Thuỷ điện	Thuỷ điện vừa và nhỏ	Đắk Nông, Đắk Lắk
19.3188888888888, 104.256388888888	Nhà máy thuỷ điện Ca Nan (1&2)	Ca Nan	Thuỷ điện	Thuỷ điện vừa và nhỏ	Nghệ An
20.235, 105.404166666666	Nhà máy thuỷ điện Cẩm Thủy 1	Sông Mã	Thuỷ điện	Thuỷ điện vừa và nhỏ	Thanh Hóa
11.9688888888888, 106.843333333333	Nhà máy thuỷ điện Cần Đơn	Sông Bé	Thuỷ điện	Thuỷ điện vừa và nhỏ	Bình Phước
19.6005555555555, 104.993333333333	Nhà máy thuỷ điện Châu Thắng	Sông Quàng	Thuỷ điện	Thuỷ điện vừa và nhỏ	Nghệ An
19.5830555555555, 104.8	Nhà máy thuỷ điện Châu Thôn	Nậm Tột	Thuỷ điện	Thuỷ điện vừa và nhỏ	Nghệ An
19.0883333333333, 104.802222222222	Nhà máy thuỷ điện Chi Khê	Sông Lam	Thuỷ điện	Thuỷ điện vừa và nhỏ	Nghệ An
22.1983333333333, 105.328055555555	Nhà máy thuỷ điện Chiêm Hóa	Sông Gâm	Thuỷ điện	Thuỷ điện vừa và nhỏ	Tuyên Quang
21.4572222222222, 104.210277777777	Nhà máy thuỷ điện Chiềng Công 1&2	Nậm Pia	Thuỷ điện	Thuỷ điện vừa và nhỏ	Sơn La
21.4905555555555, 103.780555555555	Nhà máy thuỷ điện Chiềng Ngàm Thượng	Suối Muội	Thuỷ điện	Thuỷ điện vừa và nhỏ	Sơn La
,	Nhà máy thuỷ điện Chu Va 2		Thuỷ điện		
22.4144444444444, 103.906666666666	Nhà máy thuỷ điện Cốc San	Ngòi Dum	Thuỷ điện	Thuỷ điện vừa và nhỏ	Lào Cai
19.8780555555555, 105.273055555555	Nhà máy thuỷ điện Cửa Đạt	Sông Chu	Thuỷ điện	Thuỷ điện vừa và nhỏ	Thanh Hóa
11.9533333333333, 108.307777777777	Nhà máy thuỷ điện Đạ Dâng - Đạ Chomo	Đạ Dâng	Thuỷ điện	Thuỷ điện vừa và nhỏ	Lâm Đồng
11.7219444444444, 108.246944444444	Nhà máy thuỷ điện Đạ Dâng 2	Đa Dâng	Thuỷ điện	Thuỷ điện vừa và nhỏ	Lâm Đồng
11.775, 107.822499999999	Nhà máy thuỷ điện Đa Kai	Đa Kai	Thuỷ điện	Thuỷ điện vừa và nhỏ	Lâm Đồng
12.1063888888888, 108.554444444444	Nhà máy thuỷ điện Đa Khai	Đa Khai	Thuỷ điện	Thuỷ điện vừa và nhỏ	Lâm Đồng
11.5827777777777, 107.6725	Nhà máy thuỷ điện Đa M'bri	Đa M'bri	Thuỷ điện	Thuỷ điện vừa và nhỏ	Lâm Đồng
11.8527777777777, 108.605833333333	Nhà máy thuỷ điện Đa Nhim	Đa Nhim	Thuỷ điện	Thuỷ điện lớn	Lâm Đồng, Ninh Thuận
12.0852777777777, 108.594722222222	Nhà máy thuỷ điện Đa Nhim Thượng 2	Đa Chay	Thuỷ điện	Thuỷ điện vừa và nhỏ	Lâm Đồng
11.8330555555555, 107.644166666666	Nhà máy thuỷ điện Đa Siat	Đa Siat	Thuỷ điện	Thuỷ điện vừa và nhỏ	Lâm Đồng
12.1333333333333, 108.313055555555	Nhà máy thuỷ điện Đắc Mê	Đăk Mê	Thuỷ điện	Thuỷ điện vừa và nhỏ	Lâm Đồng
11.5405555555555, 107.872222222222	Nhà máy thuỷ điện Đại Nga	Đa R'Nga	Thuỷ điện	Thuỷ điện vừa và nhỏ	Lâm Đồng
11.65, 108.320277777777	Nhà máy thuỷ điện Đại Ninh	Đa Nhim	Thuỷ điện	Thuỷ điện lớn	Lâm Đồng, Bình Thuận
15.0125, 108.296944444444	Nhà máy thuỷ điện Đăk Ba	Đăk Ba	Thuỷ điện	Thuỷ điện vừa và nhỏ	Quảng Ngãi
14.4294444444444, 108.146944444444	Nhà máy thuỷ điện Đăk Bla 1	Đăk Bla	Thuỷ điện	Thuỷ điện vừa và nhỏ	Kon Tum
,	Nhà máy thuỷ điện Đăk Ble		Thuỷ điện		
14.1847222222222, 108.106388888888	Nhà máy thuỷ điện Đăk Đoa	Ia Krom	Thuỷ điện	Thuỷ điện vừa và nhỏ	Gia Lai
14.9783333333333, 108.301388888888	Nhà máy thuỷ điện Đăk Đrinh	Đăk Đrinh	Thuỷ điện	Thuỷ điện lớn	Quảng Ngãi
12.0252777777777, 107.183333333333	Nhà máy thuỷ điện Đăk Glun	Đăk G'lun	Thuỷ điện	Thuỷ điện vừa và nhỏ	Bình Phước
11.8458333333333, 107.422777777777	Nhà máy thuỷ điện Đăk Kar	Đăk Kar	Thuỷ điện	Thuỷ điện vừa và nhỏ	Đắk Nông
14.7275, 108.369444444444	Nhà máy thuỷ điện Đăk Lô 1,2,3	Đăk Lô	Thuỷ điện	Thuỷ điện vừa và nhỏ	Kon Tum
15.1527777777777, 107.891944444444	Nhà máy thuỷ điện Đăk Mek 3	Đăk Mek	Thuỷ điện	Thuỷ điện vừa và nhỏ	Kon Tum
15.1463888888888, 107.9075	Nhà máy thuỷ điện Đăk Mi 1	Đăk Mi	Thuỷ điện	Thuỷ điện vừa và nhỏ	Kon Tum
15.1830555555555, 107.818333333333	Nhà máy thuỷ điện Đăk Mi 1A	Đăk Mi	Thuỷ điện	Thuỷ điện vừa và nhỏ	Kon Tum
15.2297222222222, 107.813055555555	Nhà máy thuỷ điện Đăk Mi 2	Đăk Mi	Thuỷ điện	Thuỷ điện vừa và nhỏ	Quảng Nam
15.3186111111111, 107.824166666666	Nhà máy thuỷ điện Đăk Mi 3	Đăk Mi	Thuỷ điện	Thuỷ điện vừa và nhỏ	Quảng Nam
15.4588888888888, 107.912222222222	Nhà máy thuỷ điện Đăk Mi 4	Đăk Mi	Thuỷ điện	Thuỷ điện lớn	Quảng Nam
15.4641666666666, 107.928888888888	Nhà máy thuỷ điện Đăk Mi 4C	Đăk Mi	Thuỷ điện	Thuỷ điện vừa và nhỏ	Quảng Nam
14.5280555555555, 108.219166666666	Nhà máy thuỷ điện Đăk Ne	Đăk Ne	Thuỷ điện	Thuỷ điện vừa và nhỏ	Kon Tum
11.9644444444444, 107.6675	Nhà máy thuỷ điện Đắk Nông 2	Sông Đắk Nông	Thuỷ điện	Thuỷ điện vừa và nhỏ	Đắk Nông
12.1958333333333, 107.926666666666	Nhà máy thuỷ điện Đăk N'teng	Krông Nô	Thuỷ điện	Thuỷ điện vừa và nhỏ	Đắk Nông
13.7186111111111, 108.421111111111	Nhà máy thuỷ điện Đăk Pi Hao 4	Đăk Pi Hao	Thuỷ điện	Thuỷ điện vừa và nhỏ	Gia Lai
14.65, 107.790277777777	Nhà máy thuỷ điện Đăk Pô Kô	Pô Kô	Thuỷ điện	Thuỷ điện vừa và nhỏ	Kon Tum
14.5758333333333, 108.304722222222	Nhà máy thuỷ điện Đăk Pô Ne	Đăk Pô Ne	Thuỷ điện	Thuỷ điện vừa và nhỏ	Kon Tum
,	Nhà máy thuỷ điện Đăk Psi		Thuỷ điện		
14.8658333333333, 108.014722222222	Nhà máy thuỷ điện Đăk Psi 2B	Đăk Psi	Thuỷ điện	Thuỷ điện vừa và nhỏ	Kon Tum
14.7713888888888, 108.001944444444	Nhà máy thuỷ điện Đăk Psi 3	Đăk Psi	Thuỷ điện	Thuỷ điện vừa và nhỏ	Kon Tum
14.7058333333333, 107.966111111111	Nhà máy thuỷ điện Đăk Psi 4	Đăk Psi	Thuỷ điện	Thuỷ điện vừa và nhỏ	Kon Tum
14.6608333333333, 107.938055555555	Nhà máy thuỷ điện Đăk Psi 5	Đăk Psi	Thuỷ điện	Thuỷ điện vừa và nhỏ	Kon Tum
,	Nhà máy thuỷ điện Đăk Psi 6		Thuỷ điện		
11.9663888888888, 107.6575	Nhà máy thuỷ điện Đăk R’Tih	Đăk R’tih	Thuỷ điện	Thuỷ điện lớn	Đắk Nông
14.6044444444444, 108.485833333333	Nhà máy thuỷ điện Đăk Re	Đăk Re	Thuỷ điện	Thuỷ điện vừa và nhỏ	Kon Tum
14.7472222222222, 107.835833333333	Nhà máy thuỷ điện Đăk Rơ Sa	Đăk Tơ Kan	Thuỷ điện	Thuỷ điện vừa và nhỏ	Kon Tum
11.9058333333333, 107.423055555555	Nhà máy thuỷ điện Đăk Ru	Đăk Ru	Thuỷ điện	Thuỷ điện vừa và nhỏ	Đắk Nông
12.1138888888888, 107.633611111111	Nhà máy thuỷ điện Đăk Rung 1&2	Đồng Nai	Thuỷ điện	Thuỷ điện vừa và nhỏ	Đắk Nông
,	Nhà máy thuỷ điện Đăk Ruồi		Thuỷ điện		
,	Nhà máy thuỷ điện Đăk Ruồi 2		Thuỷ điện		
11.8205555555555, 107.458611111111	Nhà máy thuỷ điện Đăk Sin 1	Đăk R' Keh	Thuỷ điện	Thuỷ điện vừa và nhỏ	Đắk Nông
13.7658333333333, 108.523611111111	Nhà máy thuỷ điện Đăk Srông	Sông Ba	Thuỷ điện	Thuỷ điện vừa và nhỏ	Gia Lai
13.6786111111111, 108.565	Nhà máy thuỷ điện Đăk Srông 2	Sông Ba	Thuỷ điện	Thuỷ điện vừa và nhỏ	Gia Lai
13.6786111111111, 108.565	Nhà máy thuỷ điện Đăk Srông 2A	Sông Ba	Thuỷ điện	Thuỷ điện vừa và nhỏ	Gia Lai
13.3472222222222, 108.532222222222	Nhà máy thuỷ điện Đăk Srông 3A	Sông Ba	Thuỷ điện	Thuỷ điện vừa và nhỏ	Gia Lai
13.3380555555555, 108.558611111111	Nhà máy thuỷ điện Đăk Srông 3B	Sông Ba	Thuỷ điện	Thuỷ điện vừa và nhỏ	Gia Lai
14.7147222222222, 108.003611111111	Nhà máy thuỷ điện Đăk Trưa 1&2	Đăk Trưa	Thuỷ điện	Thuỷ điện vừa và nhỏ	Kon Tum
16.4969444444444, 106.972222222222	Nhà máy thuỷ điện Đakrông 1	Đakrông	Thuỷ điện	Thuỷ điện vừa và nhỏ	Quảng Trị
16.6494444444444, 106.816666666666	Nhà máy thuỷ điện Đakrông 2	Đakrông	Thuỷ điện	Thuỷ điện vừa và nhỏ	Quảng Trị
16.5627777777777, 106.953611111111	Nhà máy thuỷ điện Đakrông 3	Đakrông	Thuỷ điện	Thuỷ điện vừa và nhỏ	Quảng Trị
16.5972222222222, 106.882222222222	Nhà máy thuỷ điện Đakrông 4	Đakrông	Thuỷ điện	Thuỷ điện vừa và nhỏ	Quảng Trị
11.6933333333333, 107.659166666666	Nhà máy thuỷ điện Đambol	Đa Mbol	Thuỷ điện	Thuỷ điện vừa và nhỏ	Lâm Đồng
11.2669444444444, 108.000277777777	Nhà máy thuỷ điện Đan Sách 1	Đan Sách	Thuỷ điện	Thuỷ điện vừa và nhỏ	Bình Thuận
11.2427777777777, 108.009722222222	Nhà máy thuỷ điện Đan Sách 2&3	Suối Thị	Thuỷ điện	Thuỷ điện vừa và nhỏ	Bình Thuận
14.1566666666666, 108.772777777777	Nhà máy thuỷ điện Định Bình	Sông Kôn	Thuỷ điện	Thuỷ điện vừa và nhỏ	Bình Định
19.9561111111111, 105.276666666666	Nhà máy thuỷ điện Dốc Cáy	Sông Chu	Thuỷ điện	Thuỷ điện vừa và nhỏ	Thanh Hóa
11.7130555555555, 108.057777777777	Nhà máy thuỷ điện Đồng Nai 2	Đồng Nai	Thuỷ điện	Thuỷ điện vừa và nhỏ	Lâm Đồng
11.8722222222222, 107.888611111111	Nhà máy thuỷ điện Đồng Nai 3	Đồng Nai	Thuỷ điện	Thuỷ điện lớn	Đắk Nông, Lâm Đồng
11.885, 107.728611111111	Nhà máy thuỷ điện Đồng Nai 4	Đồng Nai	Thuỷ điện	Thuỷ điện lớn	Đắk Nông, Lâm Đồng
11.7927777777777, 107.553333333333	Nhà máy thuỷ điện Đồng Nai 5	Đồng Nai	Thuỷ điện	Thuỷ điện lớn	Đắk Nông, Lâm Đồng
,	Nhà máy thuỷ điện Đông Pao		Thuỷ điện		
21.8211111111111, 104.658055555555	Nhà máy thuỷ điện Đồng Sung	Ngòi Thia	Thuỷ điện	Thuỷ điện vừa và nhỏ	Yên Bái
19.8855555555555, 105.117499999999	Nhà máy thuỷ điện Đồng Văn	Sông Chu	Thuỷ điện	Thuỷ điện vừa và nhỏ	Nghệ An
12.6711111111111, 107.9075	Nhà máy thuỷ điện Đray H'linh 1	Srêpốk	Thuỷ điện	Thuỷ điện vừa và nhỏ	Đắk Lắk
12.6755555555555, 107.904166666666	Nhà máy thuỷ điện Đray H'linh 2	Srêpốk	Thuỷ điện	Thuỷ điện vừa và nhỏ	Đắk Nông
11.6713888888888, 107.271666666666	Nhà máy thuỷ điện Đức Thành	Đồng Nai	Thuỷ điện	Thuỷ điện vừa và nhỏ	Bình Phước
13.2399999999999, 108.060277777777	Nhà máy thuỷ điện Ea Đrăng 2	Ea Đrăng	Thuỷ điện	Thuỷ điện vừa và nhỏ	Đắk Lắk
12.5991666666666, 108.939722222222	Nhà máy thuỷ điện Ea Krông Rou	Ea Krông Rou	Thuỷ điện	Thuỷ điện vừa và nhỏ	Khánh Hòa
12.7719444444444, 108.882222222222	Nhà máy thuỷ điện Ea M'Doal 2	Ea M'Doal	Thuỷ điện	Thuỷ điện vừa và nhỏ	Đắk Lắk
12.8, 108.928611111111	Nhà máy thuỷ điện Ea M'Doal 3	Ea M'Doal	Thuỷ điện	Thuỷ điện vừa và nhỏ	Đắk Lắk
15.2930555555555, 108.4875	Nhà máy thuỷ điện Hà Nang	Cà Đú	Thuỷ điện	Thuỷ điện vừa và nhỏ	Quảng Ngãi
16.6483333333333, 106.769444444444	Nhà máy thuỷ điện Hạ Rào Quán	Rào Quán	Thuỷ điện	Thuỷ điện vừa và nhỏ	Quảng Trị
11.8297222222222, 108.691944444444	Nhà máy thuỷ điện Hạ Sông Pha 1	Sông Pha	Thuỷ điện	Thuỷ điện vừa và nhỏ	Ninh Thuận
11.8330555555555, 108.708333333333	Nhà máy thuỷ điện Hạ Sông Pha 2	Sông Pha	Thuỷ điện	Thuỷ điện vừa và nhỏ	Ninh Thuận
14.2399999999999, 108.106388888888	Nhà máy thuỷ điện Hà Tây	Ia Krom (Đăk Pơ Tang)	Thuỷ điện	Thuỷ điện vừa và nhỏ	Gia Lai
11.3358333333333, 107.935	Nhà máy thuỷ điện Hàm Thuận - Đa Mi	La Ngà	Thuỷ điện	Thuỷ điện lớn	Bình Thuận
21.3130555555555, 104.476666666666	Nhà máy thuỷ điện Háng Đồng A	Sập	Thuỷ điện	Thuỷ điện vừa và nhỏ	Sơn La
21.2658333333333, 104.540833333333	Nhà máy thuỷ điện Háng Đồng A1	Sập	Thuỷ điện	Thuỷ điện vừa và nhỏ	Sơn La
13.8361111111111, 108.178611111111	Nhà máy thuỷ điện H'Chan	A Yun	Thuỷ điện	Thuỷ điện vừa và nhỏ	Gia Lai
13.8111111111111, 108.163888888888	Nhà máy thuỷ điện H'Mun	A Yun	Thuỷ điện	Thuỷ điện vừa và nhỏ	Gia Lai
21.8777777777777, 103.941944444444	Nhà máy thuỷ điện Hồ Bốn	Nậm Kim	Thuỷ điện	Thuỷ điện vừa và nhỏ	Yên Bái
18.0463888888888, 105.833333333333	Nhà máy thuỷ điện Hố Hô	Ngàn Sâu	Thuỷ điện	Thuỷ điện vừa và nhỏ	Quảng Bình, Hà Tĩnh
20.8083333333333, 105.323333333333	Nhà máy thuỷ điện Hòa Bình	Sông Đà	Thuỷ điện	Thuỷ điện lớn	Hòa Bình
12.6497222222222, 107.909166666666	Nhà máy thuỷ điện Hòa Phú	Srêpốk	Thuỷ điện	Thuỷ điện vừa và nhỏ	Đắk Lắk
22.6191666666666, 106.100277777777	Nhà máy thuỷ điện Hoa Thám	Sông Hiến	Thuỷ điện	Thuỷ điện vừa và nhỏ	Cao Bằng
22.5427777777777, 106.494444444444	Nhà máy thuỷ điện Hòa Thuận	Sông Bằng	Thuỷ điện	Thuỷ điện vừa và nhỏ	Cao Bằng
20.4463888888888, 105.051388888888	Nhà máy thuỷ điện Hồi Xuân	Sông Mã	Thuỷ điện	Thuỷ điện lớn	Thanh Hóa
19.8380555555555, 105.084444444444	Nhà máy thuỷ điện Hủa Na	Sông Chu	Thuỷ điện	Thuỷ điện lớn	Nghệ An
21.6052777777777, 103.022777777777	Nhà máy thuỷ điện Huổi Chan 1	Nậm Mức	Thuỷ điện	Thuỷ điện vừa và nhỏ	Điện Biên
21.6963888888888, 103.8775	Nhà máy thuỷ điện Huội Quảng	Nậm Mu	Thuỷ điện	Thuỷ điện lớn	Sơn La
16.46, 107.423333333333	Nhà máy thuỷ điện Hương Điền	Sông Bồ	Thuỷ điện	Thuỷ điện vừa và nhỏ	Thừa Thiên Huế
16.7097222222222, 106.566666666666	Nhà máy thuỷ điện Hướng Phùng	Sông Sen	Thuỷ điện	Thuỷ điện vừa và nhỏ	Quảng Trị
18.4461111111111, 105.151388888888	Nhà máy thuỷ điện Hương Sơn	Nậm Chốt	Thuỷ điện	Thuỷ điện vừa và nhỏ	Hà Tĩnh
13.9755555555555, 107.727777777777	Nhà máy thuỷ điện Ia Grai 1	Ia Grăng	Thuỷ điện	Thuỷ điện vừa và nhỏ	Gia Lai
13.9755555555555, 107.792777777777	Nhà máy thuỷ điện Ia Grai 2	Ia Grai	Thuỷ điện	Thuỷ điện vừa và nhỏ	Gia Lai
14.0222222222222, 107.648888888888	Nhà máy thuỷ điện Ia Grai 3	Ia Grai	Thuỷ điện	Thuỷ điện vừa và nhỏ	Gia Lai
13.7883333333333, 107.549444444444	Nhà máy thuỷ điện Ia Krel 2	Ia Krel	Thuỷ điện	Thuỷ điện vừa và nhỏ	Gia Lai
13.7333333333333, 107.804999999999	Nhà máy thuỷ điện Ia Púch 3	Ia Púch	Thuỷ điện	Thuỷ điện vừa và nhỏ	Gia Lai
14.2275, 107.829444444444	Nhà máy thuỷ điện Ialy	Sê San	Thuỷ điện	Thuỷ điện lớn	Gia Lai
21.8780555555555, 103.943055555555	Nhà máy thuỷ điện Khao Mang Hạ	Nậm Kim	Thuỷ điện	Thuỷ điện vừa và nhỏ	Yên Bái
21.8675, 103.998888888888	Nhà máy thuỷ điện Khao Mang Thượng	Nậm Kim	Thuỷ điện	Thuỷ điện vừa và nhỏ	Yên Bái
19.1911111111111, 104.658611111111	Nhà máy thuỷ điện Khe Bố	Sông Lam	Thuỷ điện	Thuỷ điện lớn	Nghệ An
16.7002777777777, 106.773333333333	Nhà máy thuỷ điện Khe Nghi	Khe Nghi	Thuỷ điện	Thuỷ điện vừa và nhỏ	Quảng Trị
17.9169444444444, 105.970555555555	Nhà máy thuỷ điện Khe Rôn	Khe Rôn	Thuỷ điện	Thuỷ điện vừa và nhỏ	Quảng Bình
19.1116666666666, 104.7175	Nhà máy thuỷ điện Khe Thơi	Khe Thơi	Thuỷ điện	Thuỷ điện vừa và nhỏ	Nghệ An
12.7527777777777, 108.866944444444	Nhà máy thuỷ điện Krông Hin	Ea Krông Hin	Thuỷ điện	Thuỷ điện vừa và nhỏ	Đắk Lắk
12.9416666666666, 108.711388888888	Nhà máy thuỷ điện Krông H'năng	Sông Ba	Thuỷ điện	Thuỷ điện vừa và nhỏ	Phú Yên, Đắk Lắk
12.4519444444444, 108.337222222222	Nhà máy thuỷ điện Krông Kmar	Krông Kmar	Thuỷ điện	Thuỷ điện vừa và nhỏ	Đắk Lắk
12.2538888888888, 108.355833333333	Nhà máy thuỷ điện Krông Nô 2	Krông Nô	Thuỷ điện	Thuỷ điện vừa và nhỏ	Lâm Đồng, Đắk Lắk
12.2116666666666, 108.284722222222	Nhà máy thuỷ điện Krông Nô 3	Krông Nô	Thuỷ điện	Thuỷ điện vừa và nhỏ	Lâm Đồng, Đắk Lắk
14.3861111111111, 108.434722222222	Nhà máy thuỷ điện Krông Pa 2	Krông Pa	Thuỷ điện	Thuỷ điện vừa và nhỏ	Gia Lai
13.5016666666666, 108.848055555555	Nhà máy thuỷ điện La Hiêng 2	La Hiêng	Thuỷ điện	Thuỷ điện vừa và nhỏ	Phú Yên
16.5058333333333, 107.031388888888	Nhà máy thuỷ điện La Tó	Khe A Cho	Thuỷ điện	Thuỷ điện vừa và nhỏ	Quảng Trị
17.8669444444444, 105.798333333333	Nhà máy thuỷ điện La Trọng	Sông Gianh	Thuỷ điện	Thuỷ điện vừa và nhỏ	Quảng Bình
22.1380555555555, 102.983888888888	Nhà máy thuỷ điện Lai Châu	Sông Đà	Thuỷ điện	Thuỷ điện lớn	Lai Châu
21.7141666666666, 103.216111111111	Nhà máy thuỷ điện Long Tạo	Nậm Mức	Thuỷ điện	Thuỷ điện vừa và nhỏ	Điện Biên
22.0452777777777, 104.089166666666	Nhà máy thuỷ điện Minh Lương	Nậm Chăn	Thuỷ điện	Thuỷ điện vừa và nhỏ	Lào Cai
22.8555555555555, 105.485555555555	Nhà máy thuỷ điện Mông Ân	Sông Gâm	Thuỷ điện	Thuỷ điện vừa và nhỏ	Cao Bằng
22.5405555555555, 103.714166666666	Nhà máy thuỷ điện Mường Hum	Ngòi Phát	Thuỷ điện	Thuỷ điện vừa và nhỏ	Lào Cai
20.9805555555555, 103.817777777777	Nhà máy thuỷ điện Mường Hung	Sông Mã	Thuỷ điện	Thuỷ điện vừa và nhỏ	Sơn La
21.8758333333333, 103.923611111111	Nhà máy thuỷ điện Mường Kim	Nậm Kim	Thuỷ điện	Thuỷ điện vừa và nhỏ	Yên Bái
21.8755555555555, 103.893333333333	Nhà máy thuỷ điện Mường Kim 2	Nậm Kim	Thuỷ điện	Thuỷ điện vừa và nhỏ	Lai Châu, Yên Bái
21.7491666666666, 103.039166666666	Nhà máy thuỷ điện Mường Mươn	Nậm Chim	Thuỷ điện	Thuỷ điện vừa và nhỏ	Điện Biên
22.6847222222222, 106.598888888888	Nhà máy thuỷ điện Nà Lòa	Bắc Vọng	Thuỷ điện	Thuỷ điện vừa và nhỏ	Cao Bằng
21.4686111111111, 103.058333333333	Nhà máy thuỷ điện Nà Lơi	Nậm Rốm	Thuỷ điện	Thuỷ điện vừa và nhỏ	Điện Biên
22.6722222222222, 106.505	Nhà máy thuỷ điện Nà Tẩu	Bắc Vọng	Thuỷ điện	Thuỷ điện vừa và nhỏ	Cao Bằng
22.4013888888888, 103.107777777777	Nhà máy thuỷ điện Nậm Ban (3 bậc)	Nậm Ban	Thuỷ điện	Thuỷ điện vừa và nhỏ	Lai Châu
22.4047222222222, 102.982222222222	Nhà máy thuỷ điện Nậm Bụm 1	Nậm Bum	Thuỷ điện	Thuỷ điện vừa và nhỏ	Lai Châu
22.3741666666666, 102.856388888888	Nhà máy thuỷ điện Nậm Bụm 2	Nậm Bum	Thuỷ điện	Thuỷ điện vừa và nhỏ	Lai Châu
19.44, 104.095277777777	Nhà máy thuỷ điện Nậm Cắn 2	Nậm Cắn	Thuỷ điện	Thuỷ điện vừa và nhỏ	Nghệ An
22.6286111111111, 103.290833333333	Nhà máy thuỷ điện Nậm Cát	Nậm Cát	Thuỷ điện	Thuỷ điện vừa và nhỏ	Lai Châu
22.4316666666666, 102.798333333333	Nhà máy thuỷ điện Nậm Cấu 1	Nậm Cấu	Thuỷ điện	Thuỷ điện vừa và nhỏ	Lai Châu
22.3941666666666, 102.809444444444	Nhà máy thuỷ điện Nậm Cấu 2	Nậm Cấu	Thuỷ điện	Thuỷ điện vừa và nhỏ	Lai Châu
21.5936111111111, 104.144444444444	Nhà máy thuỷ điện Nậm Chiến 1	Nậm Chiến	Thuỷ điện	Thuỷ điện lớn	Sơn La
21.5, 104.090833333333	Nhà máy thuỷ điện Nậm Chiến 2	Nậm Chiến	Thuỷ điện	Thuỷ điện vừa và nhỏ	Sơn La
21.3427777777777, 104.35	Nhà máy thuỷ điện Nậm Chim 1	Nậm Chim	Thuỷ điện	Thuỷ điện vừa và nhỏ	Sơn La
,	Nhà máy thuỷ điện Nậm Chim 1A		Thuỷ điện		
,	Nhà máy thuỷ điện Nậm Chim 1B		Thuỷ điện		
21.3161111111111, 104.291666666666	Nhà máy thuỷ điện Nậm Chim 2	Nậm Chim	Thuỷ điện	Thuỷ điện vừa và nhỏ	Sơn La
22.5311111111111, 102.596111111111	Nhà máy thuỷ điện Nậm Củm 4	Nậm Củm	Thuỷ điện	Thuỷ điện vừa và nhỏ	Lai Châu
22.2672222222222, 103.981944444444	Nhà máy thuỷ điện Nậm Củn	Ngòi Bo	Thuỷ điện	Thuỷ điện vừa và nhỏ	Lào Cai
22.2366666666666, 103.619722222222	Nhà máy thuỷ điện Nậm Đích 1	Nậm Đích	Thuỷ điện	Thuỷ điện vừa và nhỏ	Lai Châu
21.5880555555555, 104.398055555555	Nhà máy thuỷ điện Nậm Đông	Nậm Đông	Thuỷ điện	Thuỷ điện vừa và nhỏ	Yên Bái
21.6727777777777, 103.771666666666	Nhà máy thuỷ điện Nậm Giôn	Nậm Giôn	Thuỷ điện	Thuỷ điện vừa và nhỏ	Sơn La
21.965, 103.101388888888	Nhà máy thuỷ điện Nậm He	Nậm He	Thuỷ điện	Thuỷ điện vừa và nhỏ	Điện Biên
21.3555555555555, 103.4075	Nhà máy thuỷ điện Nậm Hóa 1	Nậm Hua	Thuỷ điện	Thuỷ điện vừa và nhỏ	Sơn La
21.4575, 104.193055555555	Nhà máy thuỷ điện Nậm Hồng 1&2	Nậm Hồng	Thuỷ điện	Thuỷ điện vừa và nhỏ	Sơn La
22.4872222222222, 104.366666666666	Nhà máy thuỷ điện Nậm Khánh	Nậm Phàng	Thuỷ điện	Thuỷ điện vừa và nhỏ	Lào Cai
22.0641666666666, 104.109166666666	Nhà máy thuỷ điện Nậm Khắt	Nậm Khắt	Thuỷ điện	Thuỷ điện vừa và nhỏ	Lào Cai
22.0633333333333, 103.978611111111	Nhà máy thuỷ điện Nậm Khóa	Nậm Khóa	Thuỷ điện	Thuỷ điện vừa và nhỏ	Lào Cai
21.6313888888888, 104.171666666666	Nhà máy thuỷ điện Nậm Khốt	Nậm Khắt	Thuỷ điện	Thuỷ điện vừa và nhỏ	Sơn La
21.4049999999999, 103.983611111111	Nhà máy thuỷ điện Nậm La	Nậm La	Thuỷ điện	Thuỷ điện vừa và nhỏ	Sơn La
22.9619444444444, 105.265277777777	Nhà máy thuỷ điện Nậm Lang	Nậm Lang	Thuỷ điện	Thuỷ điện vừa và nhỏ	Hà Giang
21.3411111111111, 104.349722222222	Nhà máy thuỷ điện Nậm Lúc	Nậm Lúc	Thuỷ điện	Thuỷ điện vừa và nhỏ	Lào Cai
22.6244444444444, 103.381388888888	Nhà máy thuỷ điện Nậm Lụm 2	Nậm Lụm	Thuỷ điện	Thuỷ điện vừa và nhỏ	Lai Châu
22.5563888888888, 104.569722222222	Nhà máy thuỷ điện Nậm Ly	Nậm Ly	Thuỷ điện	Thuỷ điện vừa và nhỏ	Hà Giang
22.8955555555555, 105.078055555555	Nhà máy thuỷ điện Nậm Mạ	Nậm Mạ	Thuỷ điện	Thuỷ điện vừa và nhỏ	Hà Giang
19.4141666666666, 104.112222222222	Nhà máy thuỷ điện Nậm Mô	Nậm Mô	Thuỷ điện	Thuỷ điện vừa và nhỏ	Nghệ An
21.7727777777777, 103.907777777777	Nhà máy thuỷ điện Nậm Mở 2	Nậm Mở	Thuỷ điện	Thuỷ điện vừa và nhỏ	Lai Châu
21.7486111111111, 103.874444444444	Nhà máy thuỷ điện Nậm Mở 3	Nậm Mở	Thuỷ điện	Thuỷ điện vừa và nhỏ	Lai Châu
22.5497222222222, 104.876666666666	Nhà máy thuỷ điện Nậm Mu	Nậm Mu	Thuỷ điện	Thuỷ điện vừa và nhỏ	Hà Giang
21.7891666666666, 103.324722222222	Nhà máy thuỷ điện Nậm Mu 2	Nậm Mu	Thuỷ điện	Thuỷ điện vừa và nhỏ	Điện Biên
21.7980555555555, 103.293611111111	Nhà máy thuỷ điện Nậm Mức	Nậm Mức	Thuỷ điện	Thuỷ điện vừa và nhỏ	Điện Biên
22.5961111111111, 103.26	Nhà máy thuỷ điện Nậm Na 1	Nậm Na	Thuỷ điện	Thuỷ điện vừa và nhỏ	Lai Châu
22.4936111111111, 103.231666666666	Nhà máy thuỷ điện Nậm Na 2	Nậm Na	Thuỷ điện	Thuỷ điện vừa và nhỏ	Lai Châu
22.2991666666666, 103.161388888888	Nhà máy thuỷ điện Nậm Na 3	Nậm Na	Thuỷ điện	Thuỷ điện vừa và nhỏ	Lai Châu
22.6122222222222, 104.893055555555	Nhà máy thuỷ điện Nậm Ngần	Nậm Ngần	Thuỷ điện	Thuỷ điện vừa và nhỏ	Hà Giang
22.4166666666666, 102.952777777777	Nhà máy thuỷ điện Nậm Nghẹ	Nậm Nghẹ	Thuỷ điện	Thuỷ điện vừa và nhỏ	Lai Châu
19.2961111111111, 104.420833333333	Nhà máy thuỷ điện Nậm Nơn	Nậm Lam	Thuỷ điện	Thuỷ điện vừa và nhỏ	Nghệ An
21.3016666666666, 102.937777777777	Nhà máy thuỷ điện Nậm Núa	Nậm Nứa	Thuỷ điện	Thuỷ điện vừa và nhỏ	Điện Biên
22.5213888888888, 103.469444444444	Nhà máy thuỷ điện Nậm Pạc	Nậm Xe	Thuỷ điện	Thuỷ điện vừa và nhỏ	Lai Châu
21.3469444444444, 104.013888888888	Nhà máy thuỷ điện Nậm Pàn 5	Nậm Pàn	Thuỷ điện	Thuỷ điện vừa và nhỏ	Sơn La
21.79, 103.395277777777	Nhà máy thuỷ điện Nậm Pay	Nậm Pay	Thuỷ điện	Thuỷ điện vừa và nhỏ	Điện Biên
22.4155555555555, 104.318333333333	Nhà máy thuỷ điện Nậm Phàng	Nậm Phàng	Thuỷ điện	Thuỷ điện vừa và nhỏ	Lào Cai
21.4452777777777, 104.169166666666	Nhà máy thuỷ điện Nậm Pia	Nậm Pia	Thuỷ điện	Thuỷ điện vừa và nhỏ	Sơn La
19.5183333333333, 105.037777777777	Nhà máy thuỷ điện Nậm Pông	Nậm Pông	Thuỷ điện	Thuỷ điện vừa và nhỏ	Nghệ An
22.5069444444444, 103.690555555555	Nhà máy thuỷ điện Nậm Pung	Ngòi Phát	Thuỷ điện	Thuỷ điện vừa và nhỏ	Lào Cai
22.4425, 102.833611111111	Nhà máy thuỷ điện Nậm Sì Lường 1	Nậm Sì Lường	Thuỷ điện	Thuỷ điện vừa và nhỏ	Lai Châu
,	Nhà máy thuỷ điện Nậm Sì Lường 3		Thuỷ điện		
,	Nhà máy thuỷ điện Nậm Sì Lường 4		Thuỷ điện		
20.9127777777777, 103.735555555555	Nhà máy thuỷ điện Nậm Sọi	Nậm Sọi	Thuỷ điện	Thuỷ điện vừa và nhỏ	Sơn La
22.2244444444444, 103.946388888888	Nhà máy thuỷ điện Nậm Toóng	Nậm Trung Hồ	Thuỷ điện	Thuỷ điện vừa và nhỏ	Lào Cai
21.4758333333333, 104.184444444444	Nhà máy thuỷ điện Nậm Xá	Nậm Xá	Thuỷ điện	Thuỷ điện vừa và nhỏ	Sơn La
21.9747222222222, 104.088888888888	Nhà máy thuỷ điện Nậm Xây Luông	Nậm Xây Luông	Thuỷ điện	Thuỷ điện vừa và nhỏ	Lào Cai
21.9630555555555, 104.056944444444	Nhà máy thuỷ điện Nậm Xây Nọi	Nậm Xây Nọi	Thuỷ điện	Thuỷ điện vừa và nhỏ	Lào Cai
22.3688888888888, 103.960833333333	Nhà máy thuỷ điện Ngòi Đường 1	Ngòi Đường	Thuỷ điện	Thuỷ điện vừa và nhỏ	Lào Cai
22.3936111111111, 103.980833333333	Nhà máy thuỷ điện Ngòi Đường 2	Ngòi Đường	Thuỷ điện	Thuỷ điện vừa và nhỏ	Lào Cai
21.8077777777777, 104.434722222222	Nhà máy thuỷ điện Ngòi Hút 1	Ngòi Hút	Thuỷ điện	Thuỷ điện vừa và nhỏ	Yên Bái
21.7930555555555, 104.337499999999	Nhà máy thuỷ điện Ngòi Hút 2	Ngòi Hút	Thuỷ điện	Thuỷ điện vừa và nhỏ	Yên Bái
21.7736111111111, 104.396111111111	Nhà máy thuỷ điện Ngòi Hút 2A	Ngòi Hút	Thuỷ điện	Thuỷ điện vừa và nhỏ	Yên Bái
22.5544444444444, 103.743333333333	Nhà máy thuỷ điện Ngòi Phát	Ngòi Phát	Thuỷ điện	Thuỷ điện vừa và nhỏ	Lào Cai
22.4733333333333, 103.872777777777	Nhà máy thuỷ điện Ngòi Xan 1	Ngòi Xan	Thuỷ điện	Thuỷ điện vừa và nhỏ	Lào Cai
22.4752777777777, 103.859444444444	Nhà máy thuỷ điện Ngòi Xan 2	Ngòi Xan	Thuỷ điện	Thuỷ điện vừa và nhỏ	Lào Cai
19.5386111111111, 104.9575	Nhà máy thuỷ điện Nhạn Hạc	Sông Quàng	Thuỷ điện	Thuỷ điện vừa và nhỏ	Nghệ An
23.2311111111111, 105.427222222222	Nhà máy thuỷ điện Nho Quế 1	Nho Quế	Thuỷ điện	Thuỷ điện vừa và nhỏ	Hà Giang
23.1813888888888, 105.477777777777	Nhà máy thuỷ điện Nho Quế 2	Nho Quế	Thuỷ điện	Thuỷ điện vừa và nhỏ	Hà Giang
23.1433333333333, 105.515555555555	Nhà máy thuỷ điện Nho Quế 3	Nho Quế	Thuỷ điện	Thuỷ điện lớn	Hà Giang
15.08, 108.064166666666	Nhà máy thuỷ điện Nước Biêu	Nước Biêu	Thuỷ điện	Thuỷ điện vừa và nhỏ	Quảng Nam
15.0808333333333, 108.411666666666	Nhà máy thuỷ điện Nước Trong	Tang	Thuỷ điện	Thuỷ điện vừa và nhỏ	Quảng Ngãi
21.4761111111111, 104.040277777777	Nhà máy thuỷ điện Pá Chiến	Nậm Chiến	Thuỷ điện	Thuỷ điện vừa và nhỏ	Sơn La
22.6875, 104.336388888888	Nhà máy thuỷ điện Pa Ke	Sông Chảy	Thuỷ điện	Thuỷ điện vừa và nhỏ	Lào Cai, Hà Giang
22.2130555555555, 106.130555555555	Nhà máy thuỷ điện Pác Cáp	Na Rì	Thuỷ điện	Thuỷ điện vừa và nhỏ	Bắc Kạn
22.5661111111111, 102.517777777777	Nhà máy thuỷ điện Pắc Ma	Sông Đà	Thuỷ điện	Thuỷ điện lớn	Lai Châu
21.785, 102.951666666666	Nhà máy thuỷ điện Phi Lĩnh	Nậm Chim	Thuỷ điện	Thuỷ điện vừa và nhỏ	Điện Biên
22.8383333333333, 104.973333333333	Nhà máy thuỷ điện Phong Quang	Sông Lô	Thuỷ điện	Thuỷ điện vừa và nhỏ	
14.7113888888888, 107.712222222222	Nhà máy thuỷ điện Plei Kần Hạ	Pô Kô	Thuỷ điện	Thuỷ điện vừa và nhỏ	Kon Tum
14.4083333333333, 107.863055555555	Nhà máy thuỷ điện Plei Krông	Pô Kô	Thuỷ điện	Thuỷ điện lớn	Kon Tum
22.4516666666666, 103.669722222222	Nhà máy thuỷ điện Pờ Hồ	Pờ Hồ	Thuỷ điện	Thuỷ điện vừa và nhỏ	Lào Cai
11.9544444444444, 107.438888888888	Nhà máy thuỷ điện Quảng Tín	Đăk R'lấp	Thuỷ điện	Thuỷ điện vừa và nhỏ	Đắk Nông
16.6894444444444, 106.705	Nhà máy thuỷ điện Quảng Trị	Rào Quán	Thuỷ điện	Thuỷ điện vừa và nhỏ	Quảng Trị
16.4105555555555, 107.228055555555	Nhà máy thuỷ điện Rào Trăng 3	Rào Trăng	Thuỷ điện	Thuỷ điện vừa và nhỏ	Thừa Thiên Huế
16.3972222222222, 107.298055555555	Nhà máy thuỷ điện Rào Trăng 4	Rào Trăng	Thuỷ điện	Thuỷ điện vừa và nhỏ	Thừa Thiên Huế
,	Nhà máy thuỷ điện Ry Ninh 2		Thuỷ điện		
21.0316666666666, 104.213888888888	Nhà máy thuỷ điện Sập Việt	Sập	Thuỷ điện	Thuỷ điện vừa và nhỏ	Sơn La
14.2152777777777, 107.722222222222	Nhà máy thuỷ điện Sê San 3	Sê San	Thuỷ điện	Thuỷ điện lớn	Gia Lai
14.1063888888888, 107.657777777777	Nhà máy thuỷ điện Sê San 3A	Sê San	Thuỷ điện	Thuỷ điện lớn	Kon Tum, Gia Lai
13.9677777777777, 107.495277777777	Nhà máy thuỷ điện Sê San 4	Sê San	Thuỷ điện	Thuỷ điện lớn	Kon Tum, Gia Lai
13.9308333333333, 107.467777777777	Nhà máy thuỷ điện Sê San 4A	Sê San	Thuỷ điện	Thuỷ điện vừa và nhỏ	Kon Tum, Gia Lai
22.2480555555555, 103.896388888888	Nhà máy thuỷ điện Séo Chong Hô	Séo Trung Hồ	Thuỷ điện	Thuỷ điện vừa và nhỏ	Lào Cai
21.4963888888888, 103.995	Nhà máy thuỷ điện Sơn La	Sông Đà	Thuỷ điện	Thuỷ điện lớn	Sơn La
,	Nhà máy thuỷ điện Sơn Lư		Thuỷ điện		
15.0113888888888, 108.360833333333	Nhà máy thuỷ điện Sơn Tây	Đăk Đrinh	Thuỷ điện	Thuỷ điện vừa và nhỏ	Quảng Ngãi
14.8466666666666, 108.424166666666	Nhà máy thuỷ điện Sơn Trà 1A&B	Xà Lò	Thuỷ điện	Thuỷ điện vừa và nhỏ	Quảng Ngãi
,	Nhà máy thuỷ điện Sông Âm		Thuỷ điện		
13.0225, 108.903888888888	Nhà máy thuỷ điện Sông Ba Hạ	Sông Ba	Thuỷ điện	Thuỷ điện lớn	Phú Yên
22.4511111111111, 104.721388888888	Nhà máy thuỷ điện Sông Bạc	Sông Bạc	Thuỷ điện	Thuỷ điện vừa và nhỏ	Hà Giang
16.2441666666666, 107.373611111111	Nhà máy thuỷ điện Sông Bồ	Sông Bồ	Thuỷ điện	Thuỷ điện vừa và nhỏ	Thừa Thiên Huế
15.7, 107.486666666666	Nhà máy thuỷ điện Sông Bung 2	Sông Bung	Thuỷ điện	Thuỷ điện lớn	Quảng Nam
15.7258333333333, 107.651111111111	Nhà máy thuỷ điện Sông Bung 4	Sông Bung	Thuỷ điện	Thuỷ điện lớn	Quảng Nam
15.7647222222222, 107.680277777777	Nhà máy thuỷ điện Sông Bung 4A	Sông Bung	Thuỷ điện	Thuỷ điện vừa và nhỏ	Quảng Nam
15.8077777777777, 107.747222222222	Nhà máy thuỷ điện Sông Bung 5	Sông Bung	Thuỷ điện	Thuỷ điện vừa và nhỏ	Quảng Nam
15.8186111111111, 107.778611111111	Nhà máy thuỷ điện Sông Bung 6	Sông Bung	Thuỷ điện	Thuỷ điện vừa và nhỏ	Quảng Nam
22.7394444444444, 104.63	Nhà máy thuỷ điện Sông Chảy 3	Sông Chảy	Thuỷ điện	Thuỷ điện vừa và nhỏ	Hà Giang
22.7147222222222, 104.535	Nhà máy thuỷ điện Sông Chảy 5	Sông Chảy	Thuỷ điện	Thuỷ điện vừa và nhỏ	Hà Giang
22.6913888888888, 104.463055555555	Nhà máy thuỷ điện Sông Chảy 6	Sông Chảy	Thuỷ điện	Thuỷ điện vừa và nhỏ	Hà Giang
12.4469444444444, 108.843611111111	Nhà máy thuỷ điện Sông Chò 2	Sông Chò	Thuỷ điện	Thuỷ điện vừa và nhỏ	Khánh Hòa
22.4294444444444, 104.633055555555	Nhà máy thuỷ điện Sông Chừng	Sông Con	Thuỷ điện	Thuỷ điện vừa và nhỏ	Hà Giang
12.3727777777777, 108.837499999999	Nhà máy thuỷ điện Sông Giang 2	Sông Giang	Thuỷ điện	Thuỷ điện vừa và nhỏ	Khánh Hòa
12.9280555555555, 108.993611111111	Nhà máy thuỷ điện Sông Hinh	Sông Hinh	Thuỷ điện	Thuỷ điện vừa và nhỏ	Phú Yên
15.9330555555555, 107.808055555555	Nhà máy thuỷ điện Sông Kôn 2	Sông Kôn	Thuỷ điện	Thuỷ điện vừa và nhỏ	Quảng Nam
22.7249999999999, 104.9725	Nhà máy thuỷ điện Sông Lô 2	Sông Lô	Thuỷ điện	Thuỷ điện vừa và nhỏ	Hà Giang
22.6611111111111, 104.993611111111	Nhà máy thuỷ điện Sông Lô 3	Sông Lô	Thuỷ điện	Thuỷ điện vừa và nhỏ	Hà Giang
22.5447222222222, 104.911388888888	Nhà máy thuỷ điện Sông Lô 4	Sông Lô	Thuỷ điện	Thuỷ điện vừa và nhỏ	Hà Giang
,	Nhà máy thuỷ điện Sông Lô 5		Thuỷ điện		
22.2961111111111, 104.917222222222	Nhà máy thuỷ điện Sông Lô 6	Sông Lô	Thuỷ điện	Thuỷ điện vừa và nhỏ	Hà Giang, Tuyên Quang
22.0647222222222, 105.056388888888	Nhà máy thuỷ điện Sông Lô 8A	Sông Lô	Thuỷ điện	Thuỷ điện vừa và nhỏ	Tuyên Quang
21.9069444444444, 105.174722222222	Nhà máy thuỷ điện Sông Lô 8B	Sông Lô	Thuỷ điện	Thuỷ điện vừa và nhỏ	Tuyên Quang
21.2344444444444, 103.311111111111	Nhà máy thuỷ điện Sông Mã 3	Sông Mã	Thuỷ điện	Thuỷ điện vừa và nhỏ	Điện Biên
23.1569444444444, 105.017222222222	Nhà máy thuỷ điện Sông Miện 1	Sông Miện	Thuỷ điện	Thuỷ điện vừa và nhỏ	Hà Giang
22.9233333333333, 105.006388888888	Nhà máy thuỷ điện Sông Miện 5	Sông Miện	Thuỷ điện	Thuỷ điện vừa và nhỏ	Hà Giang
22.8933333333333, 104.992222222222	Nhà máy thuỷ điện Sông Miện 5A	Sông Miện	Thuỷ điện	Thuỷ điện vừa và nhỏ	Hà Giang
22.8486111111111, 105.013611111111	Nhà máy thuỷ điện Sông Miện 6	Sông Miện	Thuỷ điện	Thuỷ điện vừa và nhỏ	
23.0413888888888, 105.406111111111	Nhà máy thuỷ điện Sông Nhiệm 3	Sông Nhiệm	Thuỷ điện	Thuỷ điện vừa và nhỏ	Hà Giang
23.0113888888888, 105.474722222222	Nhà máy thuỷ điện Sông Nhiệm 4	Sông Nhiệm	Thuỷ điện	Thuỷ điện vừa và nhỏ	Hà Giang
11.7713888888888, 108.798611111111	Nhà máy thuỷ điện Sông Ông	Sông Ông	Thuỷ điện	Thuỷ điện vừa và nhỏ	Ninh Thuận
11.8338888888888, 108.684722222222	Nhà máy thuỷ điện Sông Pha	Sông Pha	Thuỷ điện	Thuỷ điện vừa và nhỏ	Ninh Thuận
19.5680555555555, 104.768333333333	Nhà máy thuỷ điện Sông Quang	Sông Hiếu	Thuỷ điện	Thuỷ điện vừa và nhỏ	Nghệ An
15.3311111111111, 108.147777777777	Nhà máy thuỷ điện Sông Tranh 2	Thu Bồn	Thuỷ điện	Thuỷ điện lớn	Quảng Nam
15.4444444444444, 108.143055555555	Nhà máy thuỷ điện Sông Tranh 3	Thu Bồn	Thuỷ điện	Thuỷ điện vừa và nhỏ	Quảng Nam
15.5269444444444, 108.146944444444	Nhà máy thuỷ điện Sông Tranh 4	Sông Tranh	Thuỷ điện	Thuỷ điện vừa và nhỏ	Quảng Nam
12.7525, 107.876666666666	Nhà máy thuỷ điện Srêpốk 3	Srêpốk	Thuỷ điện	Thuỷ điện lớn	Đắk Lắk, Đắk Nông
12.8072222222222, 107.854999999999	Nhà máy thuỷ điện Srêpốk 4	Srêpốk	Thuỷ điện	Thuỷ điện vừa và nhỏ	Đắk Lắk, Đắk Nông
12.8933333333333, 107.812222222222	Nhà máy thuỷ điện Srêpốk 4A	Srêpốk	Thuỷ điện	Thuỷ điện vừa và nhỏ	Đắk Lắk
11.7688888888888, 106.756388888888	Nhà máy thuỷ điện Srok Phu Miêng	Sông Bé	Thuỷ điện	Thuỷ điện vừa và nhỏ	Bình Phước
22.2911111111111, 103.915	Nhà máy thuỷ điện Sử Pán 1	Ngòi Bo	Thuỷ điện	Thuỷ điện vừa và nhỏ	Lào Cai
22.2719444444444, 103.9425	Nhà máy thuỷ điện Sử Pán 2	Ngòi Bo	Thuỷ điện	Thuỷ điện vừa và nhỏ	Lào Cai
22.4344444444444, 103.821111111111	Nhà máy thuỷ điện Sùng Vui	Ngòi Xan	Thuỷ điện	Thuỷ điện vừa và nhỏ	Lào Cai
22.1144444444444, 104.207777777777	Nhà máy thuỷ điện Suối Chăn 1	Suối Chăn	Thuỷ điện	Thuỷ điện vừa và nhỏ	Lào Cai
22.1383333333333, 104.218333333333	Nhà máy thuỷ điện Suối Chăn 2	Suối Chăn	Thuỷ điện	Thuỷ điện vừa và nhỏ	Lào Cai
21.3708333333333, 104.218888888888	Nhà máy thuỷ điện Suối Lừm 1	Nậm Lừm	Thuỷ điện	Thuỷ điện vừa và nhỏ	Sơn La
21.3613888888888, 104.201944444444	Nhà máy thuỷ điện Suối Lừm 3	Nậm Lừm	Thuỷ điện	Thuỷ điện vừa và nhỏ	Sơn La
21.2236111111111, 104.495555555555	Nhà máy thuỷ điện Suối Sập 3	Sập	Thuỷ điện	Thuỷ điện vừa và nhỏ	
20.9697222222222, 103.633333333333	Nhà máy thuỷ điện Tà Cọ	Nậm Công	Thuỷ điện	Thuỷ điện vừa và nhỏ	Sơn La
,	Nhà máy thuỷ điện Tà Lơi 1		Thuỷ điện		
22.4891666666666, 103.665555555555	Nhà máy thuỷ điện Tà Lơi 2	Tà Lơi	Thuỷ điện	Thuỷ điện vừa và nhỏ	Lào Cai
22.5061111111111, 103.690555555555	Nhà máy thuỷ điện Tà Lơi 3	Tà Lơi	Thuỷ điện	Thuỷ điện vừa và nhỏ	Lào Cai
22.2986111111111, 104.022222222222	Nhà máy thuỷ điện Tà Thàng	Ngòi Bo	Thuỷ điện	Thuỷ điện vừa và nhỏ	Lào Cai
16.3163888888888, 107.6375	Nhà máy thuỷ điện Tả Trạch	Tả Trạch	Thuỷ điện	Thuỷ điện vừa và nhỏ	Thừa Thiên Huế
,	Nhà máy thuỷ điện Tam Thanh		Thuỷ điện		
21.7469444444444, 105.023333333333	Nhà máy thuỷ điện Thác Bà	Sông Chảy	Thuỷ điện	Thuỷ điện lớn	Yên Bái
21.7008333333333, 104.635555555555	Nhà máy thuỷ điện Thác Cá 1	Ngòi Thia	Thuỷ điện	Thuỷ điện vừa và nhỏ	Yên Bái
21.7466666666666, 104.644444444444	Nhà máy thuỷ điện Thác Cá 2	Ngòi Thia	Thuỷ điện	Thuỷ điện vừa và nhỏ	Yên Bái
11.8577777777777, 107.019166666666	Nhà máy thuỷ điện Thác Mơ (*)	Sông Bé	Thuỷ điện	Thuỷ điện lớn	Bình Phước
21.4580555555555, 103.078333333333	Nhà máy thuỷ điện Thác Trắng	Nậm Rốm	Thuỷ điện	Thuỷ điện vừa và nhỏ	Điện Biên
22.1713888888888, 106.498611111111	Nhà máy thuỷ điện Thác Xăng	Bắc Giang	Thuỷ điện	Thuỷ điện vừa và nhỏ	Lạng Sơn
15.1191666666666, 108.622222222222	Nhà máy thuỷ điện Thạch Nham	Trà Khúc	Thuỷ điện	Thuỷ điện vừa và nhỏ	Quảng Ngãi
22.9988888888888, 105.065555555555	Nhà máy thuỷ điện Thái An	Sông Miện	Thuỷ điện	Thuỷ điện vừa và nhỏ	Hà Giang
22.7341666666666, 106.547777777777	Nhà máy thuỷ điện Thân Giáp	Bắc Vọng	Thuỷ điện	Thuỷ điện vừa và nhỏ	Cao Bằng
20.59, 104.906111111111	Nhà máy thuỷ điện Thành Sơn	Sông Mã	Thuỷ điện	Thuỷ điện vừa và nhỏ	Thanh Hoá
22.9608333333333, 105.033333333333	Nhà máy thuỷ điện Thuận Hòa	Sông Miện	Thuỷ điện	Thuỷ điện vừa và nhỏ	Hà Giang
14.6941666666666, 108.23	Nhà máy thuỷ điện Thượng Kon Tum	Đăk Snghé	Thuỷ điện	Thuỷ điện lớn	Kon Tum
16.1425, 107.748888888888	Nhà máy thuỷ điện Thượng Lộ	Ba Ran	Thuỷ điện	Thuỷ điện vừa và nhỏ	Thừa Thiên Huế
22.5705555555555, 106.433333333333	Nhà máy thuỷ điện Tiên Thành	Sông Bằng	Thuỷ điện	Thuỷ điện vừa và nhỏ	Cao Bằng
13.9986111111111, 108.826666666666	Nhà máy thuỷ điện Tiên Thuận	Suối Cái	Thuỷ điện	Thuỷ điện vừa và nhỏ	Bình Định
20.9494444444444, 104.415277777777	Nhà máy thuỷ điện Tô Buông - Đông Khùa	Tô Buông	Thuỷ điện	Thuỷ điện vừa và nhỏ	Sơn La
15.0136111111111, 108.527222222222	Nhà máy thuỷ điện Trà Khúc 1	Trà Khúc	Thuỷ điện	Thuỷ điện vừa và nhỏ	Quảng Ngãi
,	Nhà máy thuỷ điện Trà Khúc 2		Thuỷ điện		
15.0280555555555, 108.000555555555	Nhà máy thuỷ điện Trà Linh 2	Nước Nà	Thuỷ điện	Thuỷ điện vừa và nhỏ	Quảng Nam
15.0472222222222, 108.066666666666	Nhà máy thuỷ điện Trà Linh 3	Nước Nà	Thuỷ điện	Thuỷ điện vừa và nhỏ	Quảng Nam
14.305, 108.688333333333	Nhà máy thuỷ điện Trà Xom	Đăk Trúc	Thuỷ điện	Thuỷ điện vừa và nhỏ	Bình Định
21.5061111111111, 104.450277777777	Nhà máy thuỷ điện Trạm Tấu	Ngòi Thia	Thuỷ điện	Thuỷ điện vừa và nhỏ	Yên Bái
11.1047222222222, 106.984722222222	Nhà máy thuỷ điện Trị An	Đồng Nai	Thuỷ điện	Thuỷ điện lớn	Đồng Nai
20.1086111111111, 105.186944444444	Nhà máy thuỷ điện Trí Nang	Sông Cáy	Thuỷ điện	Thuỷ điện vừa và nhỏ	Thanh Hóa
20.61, 104.837499999999	Nhà máy thuỷ điện Trung Sơn	Sông Mã	Thuỷ điện	Thuỷ điện lớn	Thanh Hóa
21.9372222222222, 103.254444444444	Nhà máy thuỷ điện Trung Thu	Nậm Mức	Thuỷ điện	Thuỷ điện vừa và nhỏ	Điện Biên
20.3541666666666, 105.093055555555	Nhà máy thuỷ điện Trung Xuân	Sông Lò	Thuỷ điện	Thuỷ điện vừa và nhỏ	Thanh Hóa
22.36, 105.398333333333	Nhà máy thuỷ điện Tuyên Quang	Sông Gâm	Thuỷ điện	Thuỷ điện lớn	Tuyên Quang
21.6819444444444, 104.550833333333	Nhà máy thuỷ điện Văn Chấn	Ngòi Thia	Thuỷ điện	Thuỷ điện vừa và nhỏ	Yên Bái
13.9477777777777, 108.862222222222	Nhà máy thuỷ điện Văn Phong	Sông Kôn	Thuỷ điện	Thuỷ điện vừa và nhỏ	Bình Định
22.3036111111111, 104.453333333333	Nhà máy thuỷ điện Vĩnh Hà	Sông Chảy	Thuỷ điện	Thuỷ điện vừa và nhỏ	Lào Cai
14.3655555555555, 108.694166666666	Nhà máy thuỷ điện Vĩnh Sơn	Sông Hinh	Thuỷ điện	Thuỷ điện vừa và nhỏ	Bình Định
14.3611111111111, 108.720277777777	Nhà máy thuỷ điện Vĩnh Sơn 5	Sông Kôn	Thuỷ điện	Thuỷ điện vừa và nhỏ	Bình Định
21.3427777777777, 104.35	Nhà máy thuỷ điện Xím Vàng 2	Nậm Chim	Thuỷ điện	Thuỷ điện vừa và nhỏ	Sơn La
19.1994444444444, 104.476944444444	Nhà máy thuỷ điện Xoỏng Con	Chà Lạp	Thuỷ điện	Thuỷ điện vừa và nhỏ	Nghệ An
19.8819444444444, 105.334722222222	Nhà máy thuỷ điện Xuân Minh	Sông Chu	Thuỷ điện	Thuỷ điện vừa và nhỏ	Thanh Hoá
22.4844444444444, 104.736944444444	Nhà máy thuỷ điện Xuân Minh HG	Sông Bạc	Thuỷ điện	Thuỷ điện vừa và nhỏ	Hà Giang
12.1527777777777, 108.378611111111	Nhà máy thuỷ điện Yan Tann Sien	Đak Heur	Thuỷ điện	Thuỷ điện vừa và nhỏ	Lâm Đồng
21.9969444444444, 105.216111111111	Nhà máy thuỷ điện Yên Sơn	Sông Gâm	Thuỷ điện	Thuỷ điện vừa và nhỏ	Tuyên Quang
15.86, 107.653888888888	Nhà máy thuỷ điện Za Hưng	A Vương	Thuỷ điện	Thuỷ điện vừa và nhỏ	Quảng Nam
